{"timestamp": 1738610343.855862, "model_id": null, "model_version": null, "filter_name": "filter-color-descriptor", "filter_type": "anomaly-detection", "runtime_env": null, "runtime_version": "1.4.8", "run_id": "62e4f222-b8d7-43cb-81ba-16f6a71de708", "pipeline_id": null, "tenant_id": null}
{"timestamp": 1738610345.8589404, "cpu": 0.0, "mem": 22.8, "gpu": 0, "gpu_mem": 0, "uptime": 2.0025007724761963}
{"timestamp": 1738610347.8640242, "cpu": 11.1, "mem": 28.8, "gpu": 0, "gpu_mem": 0, "uptime": 4.007588148117065}
{"timestamp": 1738610349.87113, "cpu": 16.4, "mem": 34.7, "gpu": 0, "gpu_mem": 0, "uptime": 6.01468563079834}
{"timestamp": 1738610351.875936, "cpu": 16.8, "mem": 34.9, "gpu": 0, "gpu_mem": 0, "uptime": 8.019493818283081}
{"timestamp": 1738610353.8813214, "cpu": 16.4, "mem": 35.0, "gpu": 0, "gpu_mem": 0, "uptime": 10.024881839752197}
{"timestamp": 1738610355.8866804, "cpu": 15.4, "mem": 35.2, "gpu": 0, "gpu_mem": 0, "uptime": 12.030243396759033}
{"timestamp": 1738610357.894455, "cpu": 15.1, "mem": 35.0, "gpu": 0, "gpu_mem": 0, "uptime": 14.03801941871643}
{"timestamp": 1738610359.8983402, "cpu": 15.1, "mem": 35.1, "gpu": 0, "gpu_mem": 0, "uptime": 16.04190754890442}
{"timestamp": 1738610361.9025831, "cpu": 14.9, "mem": 35.0, "gpu": 0, "gpu_mem": 0, "uptime": 18.046149492263794}
{"timestamp": 1738610363.9107883, "cpu": 15.6, "mem": 35.7, "gpu": 0, "gpu_mem": 0, "uptime": 20.05435299873352}
{"timestamp": 1738610365.9156458, "cpu": 14.7, "mem": 35.3, "gpu": 0, "gpu_mem": 0, "uptime": 22.059208154678345}
{"timestamp": 1738610367.9201136, "cpu": 16.7, "mem": 35.6, "gpu": 0, "gpu_mem": 0, "uptime": 24.063678979873657}
{"timestamp": 1738610369.9260538, "cpu": 16.7, "mem": 35.2, "gpu": 0, "gpu_mem": 0, "uptime": 26.06961464881897}
{"timestamp": 1738610371.9314198, "cpu": 14.8, "mem": 35.4, "gpu": 0, "gpu_mem": 0, "uptime": 28.074985027313232}
{"timestamp": 1738610373.9353943, "cpu": 14.3, "mem": 35.3, "gpu": 0, "gpu_mem": 0, "uptime": 30.07896113395691}
{"timestamp": 1738610375.941476, "cpu": 15.5, "mem": 35.4, "gpu": 0, "gpu_mem": 0, "uptime": 32.085038900375366}
{"timestamp": 1738610377.9460642, "cpu": 15.1, "mem": 35.4, "gpu": 0, "gpu_mem": 0, "uptime": 34.08962631225586}
{"timestamp": 1738610379.953857, "cpu": 14.9, "mem": 35.5, "gpu": 0, "gpu_mem": 0, "uptime": 36.097424030303955}
{"timestamp": 1738610381.9578993, "cpu": 15.5, "mem": 35.5, "gpu": 0, "gpu_mem": 0, "uptime": 38.101463317871094}
{"timestamp": 1738610383.9630966, "cpu": 16.6, "mem": 35.6, "gpu": 0, "gpu_mem": 0, "uptime": 40.10665822029114}
{"timestamp": 1738610385.9667134, "cpu": 15.8, "mem": 35.7, "gpu": 0, "gpu_mem": 0, "uptime": 42.11028003692627}
{"timestamp": 1738610387.9714541, "cpu": 15.7, "mem": 35.9, "gpu": 0, "gpu_mem": 0, "uptime": 44.11501455307007}
{"timestamp": 1738610389.9752288, "cpu": 15.7, "mem": 36.0, "gpu": 0, "gpu_mem": 0, "uptime": 46.118789196014404}
{"timestamp": 1738610391.980581, "cpu": 15.6, "mem": 35.4, "gpu": 0, "gpu_mem": 0, "uptime": 48.12414598464966}
{"timestamp": 1738610393.9863238, "cpu": 18.2, "mem": 35.0, "gpu": 0, "gpu_mem": 0, "uptime": 50.12988352775574}
{"timestamp": 1738610395.992666, "cpu": 19.4, "mem": 34.9, "gpu": 0, "gpu_mem": 0, "uptime": 52.13622736930847}
{"timestamp": 1738610398.001503, "cpu": 19.7, "mem": 34.9, "gpu": 0, "gpu_mem": 0, "uptime": 54.14506006240845}
{"timestamp": 1738610399.2010534, "cpu": 20.7, "mem": 29.8, "gpu": 0, "gpu_mem": 0, "uptime": 55.34461688995361}
